"","Min.","1st Qu.","Median","Mean","3rd Qu.","Max."
"py.correctness",100,100,100,100,100,100
"js.correctness",100,100,100,100,100,100
"py.performance",0,100,100,87.7647058823529,100,100
"js.performance",0,33,100,72.5294117647059,100,100
