"","Min.","1st Qu.","Median","Mean","3rd Qu.","Max."
"py.correctness",100,100,100,100,100,100
"js.correctness",100,100,100,100,100,100
"py.performance",0,100,100,88.3636363636364,100,100
"js.performance",0,56.25,100,76.5909090909091,100,100
