"","Min.","1st Qu.","Median","Mean","3rd Qu.","Max."
"py.correctness",100,100,100,100,100,100
"ts.correctness",100,100,100,100,100,100
"py.performance",0,100,100,87.8421052631579,100,100
"ts.performance",0,37.25,100,72.7777777777778,100,100
